,count,CPM,RPKM
CDT-1,0,0.0,
GH1-1,0,0.0,
__alignment_not_unique,0,0.0,
__ambiguous,0,0.0,
__no_feature,30243794,868697.6802046538,
__not_aligned,960043,27575.479683425845,
__too_low_aQual,3611260,103726.84011192042,
